<metadata xml:lang="zh"><Esri><CreaDate>20180803</CreaDate><CreaTime>23135900</CreaTime><ArcGISFormat>1.0</ArcGISFormat><SyncOnce>FALSE</SyncOnce><DataProperties><itemProps><itemLocation><linkage Sync="TRUE">file://\\DESKTOP-QNP21AR\C$\Users\Joesp4\Documents\Wisc2018\GEOG575\data\Provinces\China_provinces.shp</linkage><protocol Sync="TRUE">Local Area Network</protocol></itemLocation><itemName Sync="TRUE">China_provinces</itemName><imsContentType Sync="TRUE">002</imsContentType><itemSize Sync="TRUE">0.000</itemSize></itemProps><copyHistory><copy source="H:\3.矢量数据_常用\边界与行政区\中国省界\省界_region" dest="\\DELL-PC\D$\~下载文件\中国基础数据\省界_region" date="20170307" time="19370400"></copy></copyHistory><coordRef><type Sync="TRUE">Geographic</type><geogcsn Sync="TRUE">GCS_WGS_1984</geogcsn><csUnits Sync="TRUE">Angular Unit: Degree (0.017453)</csUnits><peXml Sync="TRUE">&lt;GeographicCoordinateSystem xsi:type='typens:GeographicCoordinateSystem' xmlns:xsi='http://www.w3.org/2001/XMLSchema-instance' xmlns:xs='http://www.w3.org/2001/XMLSchema' xmlns:typens='http://www.esri.com/schemas/ArcGIS/10.6'&gt;&lt;WKT&gt;GEOGCS[&amp;quot;GCS_WGS_1984&amp;quot;,DATUM[&amp;quot;D_WGS_1984&amp;quot;,SPHEROID[&amp;quot;WGS_1984&amp;quot;,6378137.0,298.257223563]],PRIMEM[&amp;quot;Greenwich&amp;quot;,0.0],UNIT[&amp;quot;Degree&amp;quot;,0.0174532925199433],AUTHORITY[&amp;quot;EPSG&amp;quot;,4326]]&lt;/WKT&gt;&lt;XOrigin&gt;-400&lt;/XOrigin&gt;&lt;YOrigin&gt;-400&lt;/YOrigin&gt;&lt;XYScale&gt;11258999068426.238&lt;/XYScale&gt;&lt;ZOrigin&gt;-100000&lt;/ZOrigin&gt;&lt;ZScale&gt;10000&lt;/ZScale&gt;&lt;MOrigin&gt;-100000&lt;/MOrigin&gt;&lt;MScale&gt;10000&lt;/MScale&gt;&lt;XYTolerance&gt;8.983152841195215e-09&lt;/XYTolerance&gt;&lt;ZTolerance&gt;0.001&lt;/ZTolerance&gt;&lt;MTolerance&gt;0.001&lt;/MTolerance&gt;&lt;HighPrecision&gt;true&lt;/HighPrecision&gt;&lt;LeftLongitude&gt;-180&lt;/LeftLongitude&gt;&lt;WKID&gt;4326&lt;/WKID&gt;&lt;LatestWKID&gt;4326&lt;/LatestWKID&gt;&lt;/GeographicCoordinateSystem&gt;</peXml></coordRef><lineage><Process ToolSource="c:\program files (x86)\arcgis\desktop10.6\ArcToolbox\Toolboxes\Conversion Tools.tbx\FeatureClassToFeatureClass" Date="20180802" Time="232634">FeatureClassToFeatureClass ╓╨╣·╨╨╒■╟° C:\Users\Joesp4\Documents\Wisc2018\GEOG575\d3_project.gdb China_provinces # "NAME "NAME" true true false 24 Text 0 0 ,First,#,╓╨╣·╨╨╒■╟°,NAME,-1,-1;POPNAME "POPNAME" true true false 24 Text 0 0 ,First,#,╓╨╣·╨╨╒■╟°,POPNAME,-1,-1;CODE "CODE" true true false 12 Text 0 0 ,First,#,╓╨╣·╨╨╒■╟°,CODE,-1,-1;TYPE "TYPE" true true false 6 Long 0 6 ,First,#,╓╨╣·╨╨╒■╟°,TYPE,-1,-1;DISPLAY "DISPLAY" true true false 6 Long 0 6 ,First,#,╓╨╣·╨╨╒■╟°,DISPLAY,-1,-1;EXTENTION "EXTENTION" true true false 1 Short 0 0 ,First,#,╓╨╣·╨╨╒■╟°,EXTENTION,-1,-1;UPDATE_ "UPDATE_" true true false 8 Text 0 0 ,First,#,╓╨╣·╨╨╒■╟°,UPDATE,-1,-1;X "X" true true false 19 Double 11 18 ,First,#,╓╨╣·╨╨╒■╟°,X,-1,-1;Y "Y" true true false 19 Double 11 18 ,First,#,╓╨╣·╨╨╒■╟°,Y,-1,-1;ID "ID" true true false 20 Text 0 0 ,First,#,╓╨╣·╨╨╒■╟°,ID,-1,-1" #</Process><Process ToolSource="c:\program files (x86)\arcgis\desktop10.6\ArcToolbox\Toolboxes\Data Management Tools.tbx\Project" Date="20180803" Time="174903">Project C:\Users\Joesp4\Documents\Wisc2018\GEOG575\d3_project.gdb\China_provinces C:\Users\Joesp4\Documents\Wisc2018\GEOG575\d3_project.gdb\China_provinces_Project PROJCS['WGS_1984_Web_Mercator_Auxiliary_Sphere',GEOGCS['GCS_WGS_1984',DATUM['D_WGS_1984',SPHEROID['WGS_1984',6378137.0,298.257223563]],PRIMEM['Greenwich',0.0],UNIT['Degree',0.0174532925199433]],PROJECTION['Mercator_Auxiliary_Sphere'],PARAMETER['False_Easting',0.0],PARAMETER['False_Northing',0.0],PARAMETER['Central_Meridian',0.0],PARAMETER['Standard_Parallel_1',0.0],PARAMETER['Auxiliary_Sphere_Type',0.0],UNIT['Meter',1.0]] # GEOGCS['Lat Long WGS84',DATUM['D_WGS84',SPHEROID['World_Geodetic_System_of_1984',6378137.0,298.257223563]],PRIMEM['Greenwich',0.0],UNIT['Degree',0.0174532925199433]] NO_PRESERVE_SHAPE # NO_VERTICAL</Process><Process ToolSource="c:\program files (x86)\arcgis\desktop10.6\ArcToolbox\Toolboxes\Data Management Tools.tbx\Project" Date="20180803" Time="231400">Project C:\Users\Joesp4\Documents\Wisc2018\GEOG575\d3_project.gdb\China_provinces C:\Users\Joesp4\Documents\Wisc2018\GEOG575\d3_project.gdb\China_provinces_Project GEOGCS['GCS_WGS_1984',DATUM['D_WGS_1984',SPHEROID['WGS_1984',6378137.0,298.257223563]],PRIMEM['Greenwich',0.0],UNIT['Degree',0.0174532925199433]] # PROJCS['WGS_1984_Web_Mercator_Auxiliary_Sphere',GEOGCS['GCS_WGS_1984',DATUM['D_WGS_1984',SPHEROID['WGS_1984',6378137.0,298.257223563]],PRIMEM['Greenwich',0.0],UNIT['Degree',0.0174532925199433]],PROJECTION['Mercator_Auxiliary_Sphere'],PARAMETER['False_Easting',0.0],PARAMETER['False_Northing',0.0],PARAMETER['Central_Meridian',0.0],PARAMETER['Standard_Parallel_1',0.0],PARAMETER['Auxiliary_Sphere_Type',0.0],UNIT['Meter',1.0]] NO_PRESERVE_SHAPE # NO_VERTICAL</Process><Process ToolSource="c:\program files (x86)\arcgis\desktop10.6\ArcToolbox\Toolboxes\Conversion Tools.tbx\FeatureClassToFeatureClass" Date="20180803" Time="231527">FeatureClassToFeatureClass C:\Users\Joesp4\Documents\Wisc2018\GEOG575\d3_project.gdb\China_provinces C:\Users\Joesp4\Documents\Wisc2018\GEOG575\data\Provinces China_provinces.shp # "NAME_zh "NAME_zh" true true false 24 Text 0 0 ,First,#,C:\Users\Joesp4\Documents\Wisc2018\GEOG575\d3_project.gdb\China_provinces,NAME_zh,-1,-1;CODE "CODE" true true false 12 Text 0 0 ,First,#,C:\Users\Joesp4\Documents\Wisc2018\GEOG575\d3_project.gdb\China_provinces,CODE,-1,-1;TYPE "TYPE" true true false 4 Long 0 0 ,First,#,C:\Users\Joesp4\Documents\Wisc2018\GEOG575\d3_project.gdb\China_provinces,TYPE,-1,-1;DISPLAY "DISPLAY" true true false 4 Long 0 0 ,First,#,C:\Users\Joesp4\Documents\Wisc2018\GEOG575\d3_project.gdb\China_provinces,DISPLAY,-1,-1;EXTENTION "EXTENTION" true true false 2 Short 0 0 ,First,#,C:\Users\Joesp4\Documents\Wisc2018\GEOG575\d3_project.gdb\China_provinces,EXTENTION,-1,-1;UPDATE_ "UPDATE_" true true false 8 Text 0 0 ,First,#,C:\Users\Joesp4\Documents\Wisc2018\GEOG575\d3_project.gdb\China_provinces,UPDATE_,-1,-1;X "X" true true false 8 Double 0 0 ,First,#,C:\Users\Joesp4\Documents\Wisc2018\GEOG575\d3_project.gdb\China_provinces,X,-1,-1;Y "Y" true true false 8 Double 0 0 ,First,#,C:\Users\Joesp4\Documents\Wisc2018\GEOG575\d3_project.gdb\China_provinces,Y,-1,-1;NAME "NAME" true true false 20 Text 0 0 ,First,#,C:\Users\Joesp4\Documents\Wisc2018\GEOG575\d3_project.gdb\China_provinces,NAME,-1,-1;Shape_Leng "Shape_Leng" false true true 8 Double 0 0 ,First,#,C:\Users\Joesp4\Documents\Wisc2018\GEOG575\d3_project.gdb\China_provinces,Shape_Length,-1,-1;Shape_Area "Shape_Area" false true true 8 Double 0 0 ,First,#,C:\Users\Joesp4\Documents\Wisc2018\GEOG575\d3_project.gdb\China_provinces,Shape_Area,-1,-1" #</Process></lineage></DataProperties><SyncDate>20180803</SyncDate><SyncTime>23152700</SyncTime><ModDate>20180803</ModDate><ModTime>23152700</ModTime></Esri><dataIdInfo><envirDesc Sync="TRUE"> Version 6.2 (Build 9200) ; Esri ArcGIS 10.6.0.8321</envirDesc><dataLang><languageCode value="eng" Sync="TRUE"></languageCode><countryCode value="USA" Sync="TRUE"></countryCode></dataLang><idCitation><resTitle Sync="TRUE">China_provinces</resTitle><presForm><PresFormCd value="005" Sync="TRUE"></PresFormCd></presForm></idCitation><spatRpType><SpatRepTypCd value="001" Sync="TRUE"></SpatRepTypCd></spatRpType></dataIdInfo><mdLang><languageCode value="eng" Sync="TRUE"></languageCode><countryCode value="USA" Sync="TRUE"></countryCode></mdLang><distInfo><distFormat><formatName Sync="TRUE">Shapefile</formatName></distFormat><distTranOps><transSize Sync="TRUE">0.000</transSize></distTranOps></distInfo><mdHrLv><ScopeCd value="005" Sync="TRUE"></ScopeCd></mdHrLv><mdHrLvName Sync="TRUE">dataset</mdHrLvName><refSysInfo><RefSystem><refSysID><identCode code="4326" Sync="TRUE"></identCode><idCodeSpace Sync="TRUE">EPSG</idCodeSpace><idVersion Sync="TRUE">6.14(3.0.1)</idVersion></refSysID></RefSystem></refSysInfo><spatRepInfo><VectSpatRep><geometObjs Name="China_provinces"><geoObjTyp><GeoObjTypCd value="002" Sync="TRUE"></GeoObjTypCd></geoObjTyp><geoObjCnt Sync="TRUE">0</geoObjCnt></geometObjs><topLvl><TopoLevCd value="001" Sync="TRUE"></TopoLevCd></topLvl></VectSpatRep></spatRepInfo><spdoinfo><ptvctinf><esriterm Name="China_provinces"><efeatyp Sync="TRUE">Simple</efeatyp><efeageom code="4" Sync="TRUE"></efeageom><esritopo Sync="TRUE">FALSE</esritopo><efeacnt Sync="TRUE">0</efeacnt><spindex Sync="TRUE">FALSE</spindex><linrefer Sync="TRUE">FALSE</linrefer></esriterm></ptvctinf></spdoinfo><eainfo><detailed Name="China_provinces"><enttyp><enttypl Sync="TRUE">China_provinces</enttypl><enttypt Sync="TRUE">Feature Class</enttypt><enttypc Sync="TRUE">0</enttypc></enttyp><attr><attrlabl Sync="TRUE">FID</attrlabl><attalias Sync="TRUE">FID</attalias><attrtype Sync="TRUE">OID</attrtype><attwidth Sync="TRUE">4</attwidth><atprecis Sync="TRUE">0</atprecis><attscale Sync="TRUE">0</attscale><attrdef Sync="TRUE">Internal feature number.</attrdef><attrdefs Sync="TRUE">Esri</attrdefs><attrdomv><udom Sync="TRUE">Sequential unique whole numbers that are automatically generated.</udom></attrdomv></attr><attr><attrlabl Sync="TRUE">Shape</attrlabl><attalias Sync="TRUE">Shape</attalias><attrtype Sync="TRUE">Geometry</attrtype><attwidth Sync="TRUE">0</attwidth><atprecis Sync="TRUE">0</atprecis><attscale Sync="TRUE">0</attscale><attrdef Sync="TRUE">Feature geometry.</attrdef><attrdefs Sync="TRUE">Esri</attrdefs><attrdomv><udom Sync="TRUE">Coordinates defining the features.</udom></attrdomv></attr><attr><attrlabl Sync="TRUE">NAME_zh</attrlabl><attalias Sync="TRUE">NAME_zh</attalias><attrtype Sync="TRUE">String</attrtype><attwidth Sync="TRUE">24</attwidth><atprecis Sync="TRUE">0</atprecis><attscale Sync="TRUE">0</attscale></attr><attr><attrlabl Sync="TRUE">NAME</attrlabl><attalias Sync="TRUE">NAME</attalias><attrtype Sync="TRUE">String</attrtype><attwidth Sync="TRUE">20</attwidth><atprecis Sync="TRUE">0</atprecis><attscale Sync="TRUE">0</attscale></attr><attr><attrlabl Sync="TRUE">CODE</attrlabl><attalias Sync="TRUE">CODE</attalias><attrtype Sync="TRUE">String</attrtype><attwidth Sync="TRUE">12</attwidth><atprecis Sync="TRUE">0</atprecis><attscale Sync="TRUE">0</attscale></attr><attr><attrlabl Sync="TRUE">TYPE</attrlabl><attalias Sync="TRUE">TYPE</attalias><attrtype Sync="TRUE">Integer</attrtype><attwidth Sync="TRUE">10</attwidth><atprecis Sync="TRUE">10</atprecis><attscale Sync="TRUE">0</attscale></attr><attr><attrlabl Sync="TRUE">DISPLAY</attrlabl><attalias Sync="TRUE">DISPLAY</attalias><attrtype Sync="TRUE">Integer</attrtype><attwidth Sync="TRUE">10</attwidth><atprecis Sync="TRUE">10</atprecis><attscale Sync="TRUE">0</attscale></attr><attr><attrlabl Sync="TRUE">EXTENTION</attrlabl><attalias Sync="TRUE">EXTENTION</attalias><attrtype Sync="TRUE">Integer</attrtype><attwidth Sync="TRUE">5</attwidth><atprecis Sync="TRUE">5</atprecis><attscale Sync="TRUE">0</attscale></attr><attr><attrlabl Sync="TRUE">UPDATE_</attrlabl><attalias Sync="TRUE">UPDATE_</attalias><attrtype Sync="TRUE">String</attrtype><attwidth Sync="TRUE">8</attwidth><atprecis Sync="TRUE">0</atprecis><attscale Sync="TRUE">0</attscale></attr><attr><attrlabl Sync="TRUE">X</attrlabl><attalias Sync="TRUE">X</attalias><attrtype Sync="TRUE">Double</attrtype><attwidth Sync="TRUE">19</attwidth><atprecis Sync="TRUE">0</atprecis><attscale Sync="TRUE">0</attscale></attr><attr><attrlabl Sync="TRUE">Y</attrlabl><attalias Sync="TRUE">Y</attalias><attrtype Sync="TRUE">Double</attrtype><attwidth Sync="TRUE">19</attwidth><atprecis Sync="TRUE">0</atprecis><attscale Sync="TRUE">0</attscale></attr><attr><attrlabl Sync="TRUE">Shape_Leng</attrlabl><attalias Sync="TRUE">Shape_Leng</attalias><attrtype Sync="TRUE">Double</attrtype><attwidth Sync="TRUE">19</attwidth><atprecis Sync="TRUE">0</atprecis><attscale Sync="TRUE">0</attscale></attr><attr><attrlabl Sync="TRUE">Shape_Area</attrlabl><attalias Sync="TRUE">Shape_Area</attalias><attrtype Sync="TRUE">Double</attrtype><attwidth Sync="TRUE">19</attwidth><atprecis Sync="TRUE">0</atprecis><attscale Sync="TRUE">0</attscale><attrdef Sync="TRUE">Area of feature in internal units squared.</attrdef><attrdefs Sync="TRUE">Esri</attrdefs><attrdomv><udom Sync="TRUE">Positive real numbers that are automatically generated.</udom></attrdomv></attr></detailed></eainfo><mdDateSt Sync="TRUE">20180803</mdDateSt></metadata>
